correlation	url	time
e5a125a	/points/36.077,-111.316	405
e5a8095	/points/36.077,-112.316	530
91a1568	/points/38.077,-113.316	426
e5aaacc	/points/41.077,,-115.316	237
e594a54	/points/41.077,-118.316	811
d722103	/gridpoints/SLC/65,12/	1244
7c0d93f	/gridpoints/SLC/29,17	512
d723590	/gridpoints/VEF/151,90	307
172fcbc0	/gridpoints/LKN/91,55	414
d725cdf	/gridpoints/PIH/73,15	609
616d4d56	/gridpoints/BOI/18,66/forecast	508
d72863b	/gridpoints/LKN/105,145/forecast	166
17301747	/gridpoints/SLC/111,97/forecast	191
d72b2c4	/gridpoints/VEF/171,56/forecast	351
d72be40	/gridpoints/BOI/85,22/forecast	156
e5b6cc8	/gridpoints/FGZ/91,36/forecast/hourly	761
173050e8	/gridpoints/REV/50,39/forecast/hourly	584
91aa719	/gridpoints/MPX/91,36/forecast/hourly	336
8211783	/gridpoints/PIH/106,11/forecast/hourly	129
d731833	/gridpoints/SLC/146,93/forecast/hourly	85
616d664f	/gridpoints/VEF/59,195/stations?limit=3	32
1833b85c	/gridpoints/SLC/100,108/stations?limit=3	462
d732acb	/gridpoints/REV/66,128/stations?limit=3	117
d735aa8	/gridpoints/BOI/119,16/stations?limit=3	26
8226c53	/gridpoints/FGZ/55,131/stations?limit=3	56
91b04c0	/stations/ITD04/observations?limit=1	195
91b1335	/stations/C8738/observations/latest	109
18390ff8	/stations/KGCN/observations?limit=1	192
de6e475	/stations/CMP27/observations/latest	139
91b18a7	/stations/MJBN2/observations?limit=1	192
e5a125a	/points/36.077,-111.316	231
e5a8095	/points/36.077,-112.316	44
91a1568	/points/38.077,-113.316	615
eb6a647	/points/41.077,,-115.316	75
e594a54	/points/41.077,-118.316	50
d722103	/gridpoints/SLC/65,12/	140
7c0d93f	/gridpoints/SLC/29,17	56
d723590	/gridpoints/VEF/151,90	54
172fcbc0	/gridpoints/LKN/91,55	84
d725cdf	/gridpoints/PIH/73,15	54
616d4d56	/gridpoints/BOI/18,66/forecast	112
d72863b	/gridpoints/LKN/105,145/forecast	40
17301747	/gridpoints/SLC/111,97/forecast	39
d72b2c4	/gridpoints/VEF/171,56/forecast	51
d72be40	/gridpoints/BOI/85,22/forecast	40
e5b6cc8	/gridpoints/FGZ/91,36/forecast/hourly	48
173050e8	/gridpoints/REV/50,39/forecast/hourly	60
91aa719	/gridpoints/MPX/91,36/forecast/hourly	149
8211783	/gridpoints/PIH/106,11/forecast/hourly	35
d731833	/gridpoints/SLC/146,93/forecast/hourly	93
616d664f	/gridpoints/VEF/59,195/stations?limit=3	43
1833b85c	/gridpoints/SLC/100,108/stations?limit=3	76
d732acb	/gridpoints/REV/66,128/stations?limit=3	48
d735aa8	/gridpoints/BOI/119,16/stations?limit=3	37
8226c53	/gridpoints/FGZ/55,131/stations?limit=3	44
eb6bf42	/stations/ITD04/observations?limit=1	178
18a592ac	/stations/C8738/observations/latest	81
eb6c3d5	/stations/KGCN/observations?limit=1	224
de6e475	/stations/CMP27/observations/latest	90
eb6c95a	/stations/MJBN2/observations?limit=1	133
b0ed7e	/points/36.077,-111.316	270
24edbcb	/points/36.077,-112.316	116
24edcd9	/points/38.077,-113.316	136
4810f6d	/points/41.077,,-115.316	91
4810fdf	/points/41.077,-118.316	133
b0f256	/gridpoints/SLC/65,12/	567
1fdb68e	/gridpoints/SLC/29,17	1095
1470a3d	/gridpoints/VEF/151,90	1459
b0fcc0	/gridpoints/LKN/91,55	922
1fdc27d	/gridpoints/PIH/73,15	816
1fdc56d	/gridpoints/BOI/18,66/forecast	1838
14719f7	/gridpoints/LKN/105,145/forecast	643
24ef1a2	/gridpoints/SLC/111,97/forecast	584
1471edf	/gridpoints/VEF/171,56/forecast	616
14720be	/gridpoints/BOI/85,22/forecast	914
24f08d1	/gridpoints/FGZ/91,36/forecast/hourly	647
b10c52	/gridpoints/REV/50,39/forecast/hourly	829
b11bcc	/gridpoints/MPX/91,36/forecast/hourly	397
1472b2c	/gridpoints/PIH/106,11/forecast/hourly	718
b1200d	/gridpoints/SLC/146,93/forecast/hourly	911
481405d	/gridpoints/VEF/59,195/stations?limit=3	211
147325b	/gridpoints/SLC/100,108/stations?limit=3	223
24f1d09	/gridpoints/REV/66,128/stations?limit=3	172
4814289	/gridpoints/BOI/119,16/stations?limit=3	358
147357c	/gridpoints/FGZ/55,131/stations?limit=3	180
147363e	/stations/ITD04/observations?limit=1	151
4814453	/stations/C8738/observations/latest	76
24f226f	/stations/KGCN/observations?limit=1	120
481449b	/stations/CMP27/observations/latest	120
24f24a6	/stations/MJBN2/observations?limit=1	184
e5a125a	/points/36.077,-111.316	73
e5a8095	/points/36.077,-112.316	24
91a1568	/points/38.077,-113.316	35
faf084b	/points/41.077,,-115.316	68
e594a54	/points/41.077,-118.316	33
d722103	/gridpoints/SLC/65,12/	206
7c0d93f	/gridpoints/SLC/29,17	83
d723590	/gridpoints/VEF/151,90	69
172fcbc0	/gridpoints/LKN/91,55	75
d725cdf	/gridpoints/PIH/73,15	108
616d4d56	/gridpoints/BOI/18,66/forecast	149
d72863b	/gridpoints/LKN/105,145/forecast	90
17301747	/gridpoints/SLC/111,97/forecast	85
d72b2c4	/gridpoints/VEF/171,56/forecast	96
d72be40	/gridpoints/BOI/85,22/forecast	151
e5b6cc8	/gridpoints/FGZ/91,36/forecast/hourly	73
173050e8	/gridpoints/REV/50,39/forecast/hourly	107
19886655	/gridpoints/MPX/91,36/forecast/hourly	397
8211783	/gridpoints/PIH/106,11/forecast/hourly	122
d731833	/gridpoints/SLC/146,93/forecast/hourly	105
616d664f	/gridpoints/VEF/59,195/stations?limit=3	40
1833b85c	/gridpoints/SLC/100,108/stations?limit=3	24
d732acb	/gridpoints/REV/66,128/stations?limit=3	24
d735aa8	/gridpoints/BOI/119,16/stations?limit=3	23
8226c53	/gridpoints/FGZ/55,131/stations?limit=3	22
19888308	/stations/ITD04/observations?limit=1	138
19888550	/stations/C8738/observations/latest	88
faf513e	/stations/KGCN/observations?limit=1	170
faf6cc4	/stations/CMP27/observations/latest	91
faf68e4	/stations/MJBN2/observations?limit=1	136
e5a125a	/points/36.077,-111.316	187
e5a8095	/points/36.077,-112.316	41
91a1568	/points/38.077,-113.316	44
19fdc625	/points/41.077,,-115.316	71
e594a54	/points/41.077,-118.316	38
d722103	/gridpoints/SLC/65,12/	317
7c0d93f	/gridpoints/SLC/29,17	118
d723590	/gridpoints/VEF/151,90	176
172fcbc0	/gridpoints/LKN/91,55	156
d725cdf	/gridpoints/PIH/73,15	197
616d4d56	/gridpoints/BOI/18,66/forecast	98
d72863b	/gridpoints/LKN/105,145/forecast	179
17301747	/gridpoints/SLC/111,97/forecast	207
d72b2c4	/gridpoints/VEF/171,56/forecast	136
d72be40	/gridpoints/BOI/85,22/forecast	135
e5b6cc8	/gridpoints/FGZ/91,36/forecast/hourly	117
173050e8	/gridpoints/REV/50,39/forecast/hourly	185
19fe01a0	/gridpoints/MPX/91,36/forecast/hourly	730
8211783	/gridpoints/PIH/106,11/forecast/hourly	115
d731833	/gridpoints/SLC/146,93/forecast/hourly	144
616d664f	/gridpoints/VEF/59,195/stations?limit=3	32
1833b85c	/gridpoints/SLC/100,108/stations?limit=3	123
d732acb	/gridpoints/REV/66,128/stations?limit=3	47
d735aa8	/gridpoints/BOI/119,16/stations?limit=3	93
8226c53	/gridpoints/FGZ/55,131/stations?limit=3	172
103d3a42	/stations/ITD04/observations?limit=1	400
19fe310b	/stations/C8738/observations/latest	103
19fe38f6	/stations/KGCN/observations?limit=1	166
faf6cc4	/stations/CMP27/observations/latest	90
19fd10c9	/stations/MJBN2/observations?limit=1	149
e5a125a	/points/36.077,-111.316	129
e5a8095	/points/36.077,-112.316	19
91a1568	/points/38.077,-113.316	18
10c0300d	/points/41.077,,-115.316	80
e594a54	/points/41.077,-118.316	19
d722103	/gridpoints/SLC/65,12/	223
7c0d93f	/gridpoints/SLC/29,17	112
d723590	/gridpoints/VEF/151,90	86
172fcbc0	/gridpoints/LKN/91,55	291
d725cdf	/gridpoints/PIH/73,15	106
616d4d56	/gridpoints/BOI/18,66/forecast	74
d72863b	/gridpoints/LKN/105,145/forecast	72
17301747	/gridpoints/SLC/111,97/forecast	73
d72b2c4	/gridpoints/VEF/171,56/forecast	33
d72be40	/gridpoints/BOI/85,22/forecast	79
e5b6cc8	/gridpoints/FGZ/91,36/forecast/hourly	36
173050e8	/gridpoints/REV/50,39/forecast/hourly	141
b387d64	/gridpoints/MPX/91,36/forecast/hourly	449
8211783	/gridpoints/PIH/106,11/forecast/hourly	104
d731833	/gridpoints/SLC/146,93/forecast/hourly	29
616d664f	/gridpoints/VEF/59,195/stations?limit=3	21
1833b85c	/gridpoints/SLC/100,108/stations?limit=3	25
d732acb	/gridpoints/REV/66,128/stations?limit=3	19
d735aa8	/gridpoints/BOI/119,16/stations?limit=3	26
8226c53	/gridpoints/FGZ/55,131/stations?limit=3	20
b38a7ee	/stations/ITD04/observations?limit=1	252
b38af76	/stations/C8738/observations/latest	168
b38b35f	/stations/KGCN/observations?limit=1	398
b38add8	/stations/CMP27/observations/latest	149
10c09a13	/stations/MJBN2/observations?limit=1	105
e5a125a	/points/36.077,-111.316	59
e5a8095	/points/36.077,-112.316	23
91a1568	/points/38.077,-113.316	24
113f65d2	/points/41.077,,-115.316	88
e594a54	/points/41.077,-118.316	79
d722103	/gridpoints/SLC/65,12/	317
7c0d93f	/gridpoints/SLC/29,17	159
d723590	/gridpoints/VEF/151,90	76
172fcbc0	/gridpoints/LKN/91,55	213
d725cdf	/gridpoints/PIH/73,15	144
616d4d56	/gridpoints/BOI/18,66/forecast	203
d72863b	/gridpoints/LKN/105,145/forecast	112
17301747	/gridpoints/SLC/111,97/forecast	107
d72b2c4	/gridpoints/VEF/171,56/forecast	93
d72be40	/gridpoints/BOI/85,22/forecast	106
113fdee4	/gridpoints/FGZ/91,36/forecast/hourly	536
173050e8	/gridpoints/REV/50,39/forecast/hourly	136
19fe01a0	/gridpoints/MPX/91,36/forecast/hourly	190
8211783	/gridpoints/PIH/106,11/forecast/hourly	380
d731833	/gridpoints/SLC/146,93/forecast/hourly	277
616d664f	/gridpoints/VEF/59,195/stations?limit=3	53
1833b85c	/gridpoints/SLC/100,108/stations?limit=3	35
d732acb	/gridpoints/REV/66,128/stations?limit=3	32
d735aa8	/gridpoints/BOI/119,16/stations?limit=3	42
8226c53	/gridpoints/FGZ/55,131/stations?limit=3	39
11401a3d	/stations/ITD04/observations?limit=1	945
1ae047b0	/stations/C8738/observations/latest	185
11404b12	/stations/KGCN/observations?limit=1	226
1140554d	/stations/CMP27/observations/latest	405
11406f66	/stations/MJBN2/observations?limit=1	127
e5a125a	/points/36.077,-111.316	122
e5a8095	/points/36.077,-112.316	22
91a1568	/points/38.077,-113.316	22
11cbbd75	/points/41.077,,-115.316	74
e594a54	/points/41.077,-118.316	22
d722103	/gridpoints/SLC/65,12/	208
7c0d93f	/gridpoints/SLC/29,17	40
d723590	/gridpoints/VEF/151,90	170
1b5796cd	/gridpoints/LKN/91,55	578
d725cdf	/gridpoints/PIH/73,15	147
616d4d56	/gridpoints/BOI/18,66/forecast	72
1b57eb66	/gridpoints/LKN/105,145/forecast	656
17301747	/gridpoints/SLC/111,97/forecast	124
d72b2c4	/gridpoints/VEF/171,56/forecast	99
d72be40	/gridpoints/BOI/85,22/forecast	86
113fdee4	/gridpoints/FGZ/91,36/forecast/hourly	201
173050e8	/gridpoints/REV/50,39/forecast/hourly	104
1b5819a0	/gridpoints/MPX/91,36/forecast/hourly	605
8211783	/gridpoints/PIH/106,11/forecast/hourly	126
d731833	/gridpoints/SLC/146,93/forecast/hourly	123
616d664f	/gridpoints/VEF/59,195/stations?limit=3	29
1833b85c	/gridpoints/SLC/100,108/stations?limit=3	25
d732acb	/gridpoints/REV/66,128/stations?limit=3	35
d735aa8	/gridpoints/BOI/119,16/stations?limit=3	22
8226c53	/gridpoints/FGZ/55,131/stations?limit=3	26
1b582929	/stations/ITD04/observations?limit=1	184
11cc5acf	/stations/C8738/observations/latest	111
11cc5a3e	/stations/KGCN/observations?limit=1	151
1b584947	/stations/CMP27/observations/latest	114
1b584e58	/stations/MJBN2/observations?limit=1	231
e5a125a	/points/36.077,-111.316	118
e5a8095	/points/36.077,-112.316	41
91a1568	/points/38.077,-113.316	39
125586b1	/points/41.077,,-115.316	110
e594a54	/points/41.077,-118.316	23
1bcf164f	/gridpoints/SLC/65,12/	787
1bcf2b7c	/gridpoints/SLC/29,17	403
1255b96d	/gridpoints/VEF/151,90	1195
1b5796cd	/gridpoints/LKN/91,55	762
125603d1	/gridpoints/PIH/73,15	3342
616d4d56	/gridpoints/BOI/18,66/forecast	80
1b57eb66	/gridpoints/LKN/105,145/forecast	127
1bcff64e	/gridpoints/SLC/111,97/forecast	387
12569a45	/gridpoints/VEF/171,56/forecast	973
d72be40	/gridpoints/BOI/85,22/forecast	91
113fdee4	/gridpoints/FGZ/91,36/forecast/hourly	1536
173050e8	/gridpoints/REV/50,39/forecast/hourly	98
1b5819a0	/gridpoints/MPX/91,36/forecast/hourly	516
1bd06c52	/gridpoints/PIH/106,11/forecast/hourly	1526
12575727	/gridpoints/SLC/146,93/forecast/hourly	1135
616d664f	/gridpoints/VEF/59,195/stations?limit=3	23
1833b85c	/gridpoints/SLC/100,108/stations?limit=3	25
d732acb	/gridpoints/REV/66,128/stations?limit=3	25
d735aa8	/gridpoints/BOI/119,16/stations?limit=3	25
8226c53	/gridpoints/FGZ/55,131/stations?limit=3	25
1bd0c8fe	/stations/ITD04/observations?limit=1	123
1bd0ce57	/stations/C8738/observations/latest	75
1bd0d080	/stations/KGCN/observations?limit=1	177
1b584947	/stations/CMP27/observations/latest	77
12579ba5	/stations/MJBN2/observations?limit=1	94
e5a125a	/points/36.077,-111.316	109
e5a8095	/points/36.077,-112.316	19
91a1568	/points/38.077,-113.316	21
12d96c97	/points/41.077,,-115.316	189
e594a54	/points/41.077,-118.316	23
1bcf164f	/gridpoints/SLC/65,12/	142
1bcf2b7c	/gridpoints/SLC/29,17	33
1255b96d	/gridpoints/VEF/151,90	26
1b5796cd	/gridpoints/LKN/91,55	30
125603d1	/gridpoints/PIH/73,15	36
616d4d56	/gridpoints/BOI/18,66/forecast	23
1b57eb66	/gridpoints/LKN/105,145/forecast	31
1bcff64e	/gridpoints/SLC/111,97/forecast	19
12569a45	/gridpoints/VEF/171,56/forecast	22
d72be40	/gridpoints/BOI/85,22/forecast	24
113fdee4	/gridpoints/FGZ/91,36/forecast/hourly	20
173050e8	/gridpoints/REV/50,39/forecast/hourly	25
1b5819a0	/gridpoints/MPX/91,36/forecast/hourly	20
1bd06c52	/gridpoints/PIH/106,11/forecast/hourly	22
12575727	/gridpoints/SLC/146,93/forecast/hourly	23
616d664f	/gridpoints/VEF/59,195/stations?limit=3	19
1833b85c	/gridpoints/SLC/100,108/stations?limit=3	19
d732acb	/gridpoints/REV/66,128/stations?limit=3	22
d735aa8	/gridpoints/BOI/119,16/stations?limit=3	19
8226c53	/gridpoints/FGZ/55,131/stations?limit=3	20
1c40ad3d	/stations/ITD04/observations?limit=1	571
1c40c291	/stations/C8738/observations/latest	172
12d99a7a	/stations/KGCN/observations?limit=1	325
12d9a35c	/stations/CMP27/observations/latest	105
1c40ab70	/stations/MJBN2/observations?limit=1	273
e5a125a	/points/36.077,-111.316	121
e5a8095	/points/36.077,-112.316	22
91a1568	/points/38.077,-113.316	22
132bc30e	/points/41.077,,-115.316	76
e594a54	/points/41.077,-118.316	21
1bcf164f	/gridpoints/SLC/65,12/	131
1bcf2b7c	/gridpoints/SLC/29,17	24
1255b96d	/gridpoints/VEF/151,90	25
1b5796cd	/gridpoints/LKN/91,55	26
125603d1	/gridpoints/PIH/73,15	28
616d4d56	/gridpoints/BOI/18,66/forecast	33
1b57eb66	/gridpoints/LKN/105,145/forecast	23
1bcff64e	/gridpoints/SLC/111,97/forecast	24
12569a45	/gridpoints/VEF/171,56/forecast	28
d72be40	/gridpoints/BOI/85,22/forecast	89
113fdee4	/gridpoints/FGZ/91,36/forecast/hourly	80
173050e8	/gridpoints/REV/50,39/forecast/hourly	125
1b5819a0	/gridpoints/MPX/91,36/forecast/hourly	417
1bd06c52	/gridpoints/PIH/106,11/forecast/hourly	83
12575727	/gridpoints/SLC/146,93/forecast/hourly	838
616d664f	/gridpoints/VEF/59,195/stations?limit=3	22
1833b85c	/gridpoints/SLC/100,108/stations?limit=3	22
d732acb	/gridpoints/REV/66,128/stations?limit=3	23
d735aa8	/gridpoints/BOI/119,16/stations?limit=3	28
8226c53	/gridpoints/FGZ/55,131/stations?limit=3	28
d580eae	/stations/ITD04/observations?limit=1	236
d580b7b	/stations/C8738/observations/latest	186
d581c5e	/stations/KGCN/observations?limit=1	204
132c0aa3	/stations/CMP27/observations/latest	363
d582f3c	/stations/MJBN2/observations?limit=1	263
e5a125a	/points/36.077,-111.316	125
e5a8095	/points/36.077,-112.316	27
91a1568	/points/38.077,-113.316	25
2dd228e	/points/41.077,,-115.316	99
e594a54	/points/41.077,-118.316	27
12335c5	/gridpoints/SLC/65,12/	2267
234ae1e	/gridpoints/SLC/29,17	1446
4f7588c	/gridpoints/VEF/151,90	724
2dd3b9e	/gridpoints/LKN/91,55	755
2dd42b2	/gridpoints/PIH/73,15	307
234bf5c	/gridpoints/BOI/18,66/forecast	732
234bfa8	/gridpoints/LKN/105,145/forecast	678
2dd4b99	/gridpoints/SLC/111,97/forecast	1484
234cf17	/gridpoints/VEF/171,56/forecast	818
d72be40	/gridpoints/BOI/85,22/forecast	819
2dd595d	/gridpoints/FGZ/91,36/forecast/hourly	1207
173050e8	/gridpoints/REV/50,39/forecast/hourly	124
234de68	/gridpoints/MPX/91,36/forecast/hourly	627
1c9dd44	/gridpoints/PIH/106,11/forecast/hourly	1202
123ccb2	/gridpoints/SLC/146,93/forecast/hourly	819
616d664f	/gridpoints/VEF/59,195/stations?limit=3	43
1833b85c	/gridpoints/SLC/100,108/stations?limit=3	31
d732acb	/gridpoints/REV/66,128/stations?limit=3	25
d735aa8	/gridpoints/BOI/119,16/stations?limit=3	48
8226c53	/gridpoints/FGZ/55,131/stations?limit=3	23
1c9e572	/stations/ITD04/observations?limit=1	500
4f77ce9	/stations/C8738/observations/latest	255
2dd7906	/stations/KGCN/observations?limit=1	674
4f7858c	/stations/CMP27/observations/latest	114
2dd7f6c	/stations/MJBN2/observations?limit=1	263
e5a125a	/points/36.077,-111.316	136
e5a8095	/points/36.077,-112.316	21
91a1568	/points/38.077,-113.316	32
1429d52e	/points/41.077,,-115.316	68
e594a54	/points/41.077,-118.316	21
1bcf164f	/gridpoints/SLC/65,12/	259
1bcf2b7c	/gridpoints/SLC/29,17	86
1255b96d	/gridpoints/VEF/151,90	137
1b5796cd	/gridpoints/LKN/91,55	106
125603d1	/gridpoints/PIH/73,15	111
616d4d56	/gridpoints/BOI/18,66/forecast	104
1b57eb66	/gridpoints/LKN/105,145/forecast	149
1bcff64e	/gridpoints/SLC/111,97/forecast	155
12569a45	/gridpoints/VEF/171,56/forecast	115
d72be40	/gridpoints/BOI/85,22/forecast	92
113fdee4	/gridpoints/FGZ/91,36/forecast/hourly	70
142a1c61	/gridpoints/REV/50,39/forecast/hourly	652
1b5819a0	/gridpoints/MPX/91,36/forecast/hourly	260
1bd06c52	/gridpoints/PIH/106,11/forecast/hourly	87
12575727	/gridpoints/SLC/146,93/forecast/hourly	132
616d664f	/gridpoints/VEF/59,195/stations?limit=3	24
1833b85c	/gridpoints/SLC/100,108/stations?limit=3	21
d732acb	/gridpoints/REV/66,128/stations?limit=3	20
d735aa8	/gridpoints/BOI/119,16/stations?limit=3	21
8226c53	/gridpoints/FGZ/55,131/stations?limit=3	20
1da12583	/stations/ITD04/observations?limit=1	309
1da13212	/stations/C8738/observations/latest	468
142a70b4	/stations/KGCN/observations?limit=1	431
1da154dc	/stations/CMP27/observations/latest	3151
142b13fe	/stations/MJBN2/observations?limit=1	613
e5a125a	/points/36.077,-111.316	124
e5a8095	/points/36.077,-112.316	62
91a1568	/points/38.077,-113.316	75
1e15142f	/points/41.077,,-115.316	67
e594a54	/points/41.077,-118.316	32
12d975ef	/gridpoints/SLC/65,12/	241
12d9745e	/gridpoints/SLC/29,17	104
1c409e7e	/gridpoints/VEF/151,90	123
1255e37c	/gridpoints/LKN/91,55	85
125603d1	/gridpoints/PIH/73,15	114
616d4d56	/gridpoints/BOI/18,66/forecast	72
1b57eb66	/gridpoints/LKN/105,145/forecast	83
12d97c70	/gridpoints/SLC/111,97/forecast	86
12569a45	/gridpoints/VEF/171,56/forecast	107
d72be40	/gridpoints/BOI/85,22/forecast	126
1bd0234b	/gridpoints/FGZ/91,36/forecast/hourly	49
142a1c61	/gridpoints/REV/50,39/forecast/hourly	204
1b5819a0	/gridpoints/MPX/91,36/forecast/hourly	102
12d980bc	/gridpoints/PIH/106,11/forecast/hourly	67
12575727	/gridpoints/SLC/146,93/forecast/hourly	37
616d664f	/gridpoints/VEF/59,195/stations?limit=3	17
1833b85c	/gridpoints/SLC/100,108/stations?limit=3	141
d732acb	/gridpoints/REV/66,128/stations?limit=3	50
d735aa8	/gridpoints/BOI/119,16/stations?limit=3	24
8226c53	/gridpoints/FGZ/55,131/stations?limit=3	29
1e155a4a	/stations/ITD04/observations?limit=1	936
1da13212	/stations/C8738/observations/latest	93
14b10573	/stations/KGCN/observations?limit=1	313
1da154dc	/stations/CMP27/observations/latest	103
14b11451	/stations/MJBN2/observations?limit=1	404
e5a125a	/points/36.077,-111.316	95
e5a8095	/points/36.077,-112.316	54
91a1568	/points/38.077,-113.316	25
15490e65	/points/41.077,,-115.316	105
e594a54	/points/41.077,-118.316	16
12d975ef	/gridpoints/SLC/65,12/	284
12d9745e	/gridpoints/SLC/29,17	33
1c409e7e	/gridpoints/VEF/151,90	73
1255e37c	/gridpoints/LKN/91,55	91
125603d1	/gridpoints/PIH/73,15	90
616d4d56	/gridpoints/BOI/18,66/forecast	73
1b57eb66	/gridpoints/LKN/105,145/forecast	96
12d97c70	/gridpoints/SLC/111,97/forecast	155
12569a45	/gridpoints/VEF/171,56/forecast	125
d72be40	/gridpoints/BOI/85,22/forecast	83
1bd0234b	/gridpoints/FGZ/91,36/forecast/hourly	110
142a1c61	/gridpoints/REV/50,39/forecast/hourly	17
1b5819a0	/gridpoints/MPX/91,36/forecast/hourly	32
12d980bc	/gridpoints/PIH/106,11/forecast/hourly	451
12575727	/gridpoints/SLC/146,93/forecast/hourly	130
616d664f	/gridpoints/VEF/59,195/stations?limit=3	16
1833b85c	/gridpoints/SLC/100,108/stations?limit=3	16
d732acb	/gridpoints/REV/66,128/stations?limit=3	19
d735aa8	/gridpoints/BOI/119,16/stations?limit=3	20
8226c53	/gridpoints/FGZ/55,131/stations?limit=3	23
154967ef	/stations/ITD04/observations?limit=1	236
1da13212	/stations/C8738/observations/latest	186
1e9b0c39	/stations/KGCN/observations?limit=1	299
1da154dc	/stations/CMP27/observations/latest	122
1e9b1d5a	/stations/MJBN2/observations?limit=1	189
e5a125a	/points/36.077,-111.316	104
e5a8095	/points/36.077,-112.316	26
91a1568	/points/38.077,-113.316	22
1f1fa0a2	/points/41.077,,-115.316	87
e594a54	/points/41.077,-118.316	28
12d975ef	/gridpoints/SLC/65,12/	194
12d9745e	/gridpoints/SLC/29,17	23
1c409e7e	/gridpoints/VEF/151,90	21
1255e37c	/gridpoints/LKN/91,55	25
125603d1	/gridpoints/PIH/73,15	23
616d4d56	/gridpoints/BOI/18,66/forecast	19
1b57eb66	/gridpoints/LKN/105,145/forecast	214
12d97c70	/gridpoints/SLC/111,97/forecast	101
12569a45	/gridpoints/VEF/171,56/forecast	81
d72be40	/gridpoints/BOI/85,22/forecast	164
1bd0234b	/gridpoints/FGZ/91,36/forecast/hourly	72
142a1c61	/gridpoints/REV/50,39/forecast/hourly	94
1b5819a0	/gridpoints/MPX/91,36/forecast/hourly	22
12d980bc	/gridpoints/PIH/106,11/forecast/hourly	19
12575727	/gridpoints/SLC/146,93/forecast/hourly	18
616d664f	/gridpoints/VEF/59,195/stations?limit=3	19
1833b85c	/gridpoints/SLC/100,108/stations?limit=3	21
d732acb	/gridpoints/REV/66,128/stations?limit=3	25
d735aa8	/gridpoints/BOI/119,16/stations?limit=3	57
8226c53	/gridpoints/FGZ/55,131/stations?limit=3	29
1f1fe855	/stations/ITD04/observations?limit=1	376
1da13212	/stations/C8738/observations/latest	78
15da316e	/stations/KGCN/observations?limit=1	532
1da154dc	/stations/CMP27/observations/latest	156
15db23ef	/stations/MJBN2/observations?limit=1	235
e5a125a	/points/36.077,-111.316	86
e5a8095	/points/36.077,-112.316	16
91a1568	/points/38.077,-113.316	14
166cc61f	/points/41.077,,-115.316	148
e594a54	/points/41.077,-118.316	18
12d975ef	/gridpoints/SLC/65,12/	322
12d9745e	/gridpoints/SLC/29,17	120
166ce0a1	/gridpoints/VEF/151,90	433
1255e37c	/gridpoints/LKN/91,55	289
125603d1	/gridpoints/PIH/73,15	116
616d4d56	/gridpoints/BOI/18,66/forecast	115
1b57eb66	/gridpoints/LKN/105,145/forecast	75
12d97c70	/gridpoints/SLC/111,97/forecast	78
1fa7b55c	/gridpoints/VEF/171,56/forecast	617
d72be40	/gridpoints/BOI/85,22/forecast	108
1f1fdbe6	/gridpoints/FGZ/91,36/forecast/hourly	216
142a1c61	/gridpoints/REV/50,39/forecast/hourly	93
166d3e34	/gridpoints/MPX/91,36/forecast/hourly	721
12d980bc	/gridpoints/PIH/106,11/forecast/hourly	87
12575727	/gridpoints/SLC/146,93/forecast/hourly	434
616d664f	/gridpoints/VEF/59,195/stations?limit=3	18
1833b85c	/gridpoints/SLC/100,108/stations?limit=3	19
d732acb	/gridpoints/REV/66,128/stations?limit=3	16
d735aa8	/gridpoints/BOI/119,16/stations?limit=3	20
8226c53	/gridpoints/FGZ/55,131/stations?limit=3	17
166d76dc	/stations/ITD04/observations?limit=1	210
1da13212	/stations/C8738/observations/latest	142
10089fd1	/stations/KGCN/observations?limit=1	152
1da154dc	/stations/CMP27/observations/latest	113
166d7e97	/stations/MJBN2/observations?limit=1	177
b0ed7e	/points/36.077,-111.316	148
24edbcb	/points/36.077,-112.316	30
24edcd9	/points/38.077,-113.316	30
33f0329	/points/41.077,,-115.316	130
4810fdf	/points/41.077,-118.316	23
12335c5	/gridpoints/SLC/65,12/	378
2c1bd90	/gridpoints/SLC/29,17	362
5436b13	/gridpoints/VEF/151,90	471
16d00c7	/gridpoints/LKN/91,55	521
2dd42b2	/gridpoints/PIH/73,15	102
1fdc56d	/gridpoints/BOI/18,66/forecast	132
234bfa8	/gridpoints/LKN/105,145/forecast	102
2dd4b99	/gridpoints/SLC/111,97/forecast	90
21f77a0	/gridpoints/VEF/171,56/forecast	560
14720be	/gridpoints/BOI/85,22/forecast	93
33f10bb	/gridpoints/FGZ/91,36/forecast/hourly	520
33f12c6	/gridpoints/REV/50,39/forecast/hourly	702
16d0beb	/gridpoints/MPX/91,36/forecast/hourly	627
1c9dd44	/gridpoints/PIH/106,11/forecast/hourly	206
123ccb2	/gridpoints/SLC/146,93/forecast/hourly	119
481405d	/gridpoints/VEF/59,195/stations?limit=3	41
147325b	/gridpoints/SLC/100,108/stations?limit=3	56
24f1d09	/gridpoints/REV/66,128/stations?limit=3	26
4814289	/gridpoints/BOI/119,16/stations?limit=3	27
147357c	/gridpoints/FGZ/55,131/stations?limit=3	30
33f1a7d	/stations/ITD04/observations?limit=1	145
5437c5f	/stations/C8738/observations/latest	155
33f19dd	/stations/KGCN/observations?limit=1	161
5437d3f	/stations/CMP27/observations/latest	115
33f1d2b	/stations/MJBN2/observations?limit=1	115
e5a125a	/points/36.077,-111.316	108
e5a8095	/points/36.077,-112.316	38
91a1568	/points/38.077,-113.316	29
10e2beca	/points/41.077,,-115.316	84
e594a54	/points/41.077,-118.316	21
12d975ef	/gridpoints/SLC/65,12/	255
12d9745e	/gridpoints/SLC/29,17	81
166ce0a1	/gridpoints/VEF/151,90	445
17766951	/gridpoints/LKN/91,55	489
125603d1	/gridpoints/PIH/73,15	82
616d4d56	/gridpoints/BOI/18,66/forecast	71
17769aa8	/gridpoints/LKN/105,145/forecast	567
12d97c70	/gridpoints/SLC/111,97/forecast	245
1fa7b55c	/gridpoints/VEF/171,56/forecast	759
d72be40	/gridpoints/BOI/85,22/forecast	174
1f1fdbe6	/gridpoints/FGZ/91,36/forecast/hourly	98
142a1c61	/gridpoints/REV/50,39/forecast/hourly	174
166d3e34	/gridpoints/MPX/91,36/forecast/hourly	463
12d980bc	/gridpoints/PIH/106,11/forecast/hourly	96
12575727	/gridpoints/SLC/146,93/forecast/hourly	103
616d664f	/gridpoints/VEF/59,195/stations?limit=3	16
1833b85c	/gridpoints/SLC/100,108/stations?limit=3	18
d732acb	/gridpoints/REV/66,128/stations?limit=3	18
d735aa8	/gridpoints/BOI/119,16/stations?limit=3	15
8226c53	/gridpoints/FGZ/55,131/stations?limit=3	13
10e3401d	/stations/ITD04/observations?limit=1	125
209ec3d7	/stations/C8738/observations/latest	101
209f0b47	/stations/KGCN/observations?limit=1	139
209f109a	/stations/CMP27/observations/latest	129
177717a2	/stations/MJBN2/observations?limit=1	130
e5a125a	/points/36.077,-111.316	129
e5a8095	/points/36.077,-112.316	32
91a1568	/points/38.077,-113.316	24
114cf358	/points/41.077,,-115.316	152
e594a54	/points/41.077,-118.316	22
1bcf164f	/gridpoints/SLC/65,12/	222
1bcf2b7c	/gridpoints/SLC/29,17	101
209e5c34	/gridpoints/VEF/151,90	81
17766951	/gridpoints/LKN/91,55	117
1cb3842e	/gridpoints/PIH/73,15	34
616d4d56	/gridpoints/BOI/18,66/forecast	34
17769aa8	/gridpoints/LKN/105,145/forecast	34
1bcff64e	/gridpoints/SLC/111,97/forecast	69
1776a240	/gridpoints/VEF/171,56/forecast	39
d72be40	/gridpoints/BOI/85,22/forecast	304
1f1fdbe6	/gridpoints/FGZ/91,36/forecast/hourly	50
142a1c61	/gridpoints/REV/50,39/forecast/hourly	35
10e32a0f	/gridpoints/MPX/91,36/forecast/hourly	68
12d980bc	/gridpoints/PIH/106,11/forecast/hourly	34
12575727	/gridpoints/SLC/146,93/forecast/hourly	33
616d664f	/gridpoints/VEF/59,195/stations?limit=3	28
1833b85c	/gridpoints/SLC/100,108/stations?limit=3	21
d732acb	/gridpoints/REV/66,128/stations?limit=3	27
d735aa8	/gridpoints/BOI/119,16/stations?limit=3	20
8226c53	/gridpoints/FGZ/55,131/stations?limit=3	27
17f72d6e	/stations/ITD04/observations?limit=1	435
211913e4	/stations/C8738/observations/latest	103
17f73cb5	/stations/KGCN/observations?limit=1	216
114d36fe	/stations/CMP27/observations/latest	99
21192450	/stations/MJBN2/observations?limit=1	589
e5a125a	/points/36.077,-111.316	128
e5a8095	/points/36.077,-112.316	29
91a1568	/points/38.077,-113.316	33
18718284	/points/41.077,,-115.316	72
e594a54	/points/41.077,-118.316	27
1bcf164f	/gridpoints/SLC/65,12/	186
1bcf2b7c	/gridpoints/SLC/29,17	29
209e5c34	/gridpoints/VEF/151,90	27
17766951	/gridpoints/LKN/91,55	36
18718e13	/gridpoints/PIH/73,15	415
616d4d56	/gridpoints/BOI/18,66/forecast	123
11b37e52	/gridpoints/LKN/105,145/forecast	1340
1bcff64e	/gridpoints/SLC/111,97/forecast	128
1776a240	/gridpoints/VEF/171,56/forecast	115
d72be40	/gridpoints/BOI/85,22/forecast	149
1f1fdbe6	/gridpoints/FGZ/91,36/forecast/hourly	91
142a1c61	/gridpoints/REV/50,39/forecast/hourly	99
10e32a0f	/gridpoints/MPX/91,36/forecast/hourly	135
17f727d4	/gridpoints/PIH/106,11/forecast/hourly	274
12575727	/gridpoints/SLC/146,93/forecast/hourly	108
616d664f	/gridpoints/VEF/59,195/stations?limit=3	21
1833b85c	/gridpoints/SLC/100,108/stations?limit=3	25
d732acb	/gridpoints/REV/66,128/stations?limit=3	20
d735aa8	/gridpoints/BOI/119,16/stations?limit=3	24
8226c53	/gridpoints/FGZ/55,131/stations?limit=3	23
1871f48e	/stations/ITD04/observations?limit=1	158
1871f9b5	/stations/C8738/observations/latest	1884
11b417a4	/stations/KGCN/observations?limit=1	187
187242cf	/stations/CMP27/observations/latest	114
187246c5	/stations/MJBN2/observations?limit=1	116
e5a125a	/points/36.077,-111.316	123
e5a8095	/points/36.077,-112.316	22
91a1568	/points/38.077,-113.316	21
1218de44	/points/41.077,,-115.316	78
e594a54	/points/41.077,-118.316	25
1bcf164f	/gridpoints/SLC/65,12/	218
1bcf2b7c	/gridpoints/SLC/29,17	25
209e5c34	/gridpoints/VEF/151,90	128
11b36851	/gridpoints/LKN/91,55	29
18718e13	/gridpoints/PIH/73,15	97
616d4d56	/gridpoints/BOI/18,66/forecast	105
11b37e52	/gridpoints/LKN/105,145/forecast	29
1bcff64e	/gridpoints/SLC/111,97/forecast	28
1776a240	/gridpoints/VEF/171,56/forecast	32
d72be40	/gridpoints/BOI/85,22/forecast	36
1f1fdbe6	/gridpoints/FGZ/91,36/forecast/hourly	33
142a1c61	/gridpoints/REV/50,39/forecast/hourly	29
10e32a0f	/gridpoints/MPX/91,36/forecast/hourly	33
17f727d4	/gridpoints/PIH/106,11/forecast/hourly	48
12575727	/gridpoints/SLC/146,93/forecast/hourly	23
616d664f	/gridpoints/VEF/59,195/stations?limit=3	19
1833b85c	/gridpoints/SLC/100,108/stations?limit=3	19
d732acb	/gridpoints/REV/66,128/stations?limit=3	20
d735aa8	/gridpoints/BOI/119,16/stations?limit=3	19
8226c53	/gridpoints/FGZ/55,131/stations?limit=3	20
1218ffc4	/stations/ITD04/observations?limit=1	141
220511cb	/stations/C8738/observations/latest	69
22051431	/stations/KGCN/observations?limit=1	113
12190a65	/stations/CMP27/observations/latest	90
220519ae	/stations/MJBN2/observations?limit=1	165
e5a125a	/points/36.077,-111.316	112
e5a8095	/points/36.077,-112.316	16
91a1568	/points/38.077,-113.316	15
2274bbbe	/points/41.077,,-115.316	84
e594a54	/points/41.077,-118.316	14
12d975ef	/gridpoints/SLC/65,12/	240
12d9745e	/gridpoints/SLC/29,17	85
166ce0a1	/gridpoints/VEF/151,90	101
19611b01	/gridpoints/LKN/91,55	1295
2118e648	/gridpoints/PIH/73,15	135
616d4d56	/gridpoints/BOI/18,66/forecast	184
22750444	/gridpoints/LKN/105,145/forecast	1577
12d97c70	/gridpoints/SLC/111,97/forecast	236
1fa7b55c	/gridpoints/VEF/171,56/forecast	101
d72be40	/gridpoints/BOI/85,22/forecast	144
1f1fdbe6	/gridpoints/FGZ/91,36/forecast/hourly	767
142a1c61	/gridpoints/REV/50,39/forecast/hourly	99
22758126	/gridpoints/MPX/91,36/forecast/hourly	661
227596ba	/gridpoints/PIH/106,11/forecast/hourly	767
12575727	/gridpoints/SLC/146,93/forecast/hourly	87
616d664f	/gridpoints/VEF/59,195/stations?limit=3	16
1833b85c	/gridpoints/SLC/100,108/stations?limit=3	17
d732acb	/gridpoints/REV/66,128/stations?limit=3	26
d735aa8	/gridpoints/BOI/119,16/stations?limit=3	18
8226c53	/gridpoints/FGZ/55,131/stations?limit=3	18
2275b706	/stations/ITD04/observations?limit=1	142
19620bc0	/stations/C8738/observations/latest	672
19622769	/stations/KGCN/observations?limit=1	146
19622dbf	/stations/CMP27/observations/latest	90
196214be	/stations/MJBN2/observations?limit=1	121
b0ed7e	/points/36.077,-111.316	154
24edbcb	/points/36.077,-112.316	32
24edcd9	/points/38.077,-113.316	66
58a7a1a	/points/41.077,,-115.316	89
4810fdf	/points/41.077,-118.316	34
1b3877f	/gridpoints/SLC/65,12/	724
30d43c1	/gridpoints/SLC/29,17	521
5436b13	/gridpoints/VEF/151,90	102
30d47c9	/gridpoints/LKN/91,55	699
30d4bc4	/gridpoints/PIH/73,15	606
30d4ef0	/gridpoints/BOI/18,66/forecast	793
30d52f6	/gridpoints/LKN/105,145/forecast	1160
30d58aa	/gridpoints/SLC/111,97/forecast	734
21f77a0	/gridpoints/VEF/171,56/forecast	195
30d5c27	/gridpoints/BOI/85,22/forecast	593
2bb90b4	/gridpoints/FGZ/91,36/forecast/hourly	569
33f12c6	/gridpoints/REV/50,39/forecast/hourly	91
1b3a55b	/gridpoints/MPX/91,36/forecast/hourly	714
30d6259	/gridpoints/PIH/106,11/forecast/hourly	838
30d6520	/gridpoints/SLC/146,93/forecast/hourly	613
481405d	/gridpoints/VEF/59,195/stations?limit=3	27
147325b	/gridpoints/SLC/100,108/stations?limit=3	32
24f1d09	/gridpoints/REV/66,128/stations?limit=3	81
4814289	/gridpoints/BOI/119,16/stations?limit=3	49
147357c	/gridpoints/FGZ/55,131/stations?limit=3	26
39bd5ec	/stations/ITD04/observations?limit=1	218
30d6872	/stations/C8738/observations/latest	162
30d68ab	/stations/KGCN/observations?limit=1	168
30d699b	/stations/CMP27/observations/latest	106
30d68ed	/stations/MJBN2/observations?limit=1	136
e5a125a	/points/36.077,-111.316	98
e5a8095	/points/36.077,-112.316	14
91a1568	/points/38.077,-113.316	21
1a44461c	/points/41.077,,-115.316	95
e594a54	/points/41.077,-118.316	20
133d3d16	/gridpoints/SLC/65,12/	1029
133d8c28	/gridpoints/SLC/29,17	713
166ce0a1	/gridpoints/VEF/151,90	112
1a44c6aa	/gridpoints/LKN/91,55	1168
2118e648	/gridpoints/PIH/73,15	106
133dcb0c	/gridpoints/BOI/18,66/forecast	554
1a4502d9	/gridpoints/LKN/105,145/forecast	433
1a4511a3	/gridpoints/SLC/111,97/forecast	475
1fa7b55c	/gridpoints/VEF/171,56/forecast	112
1a450e52	/gridpoints/BOI/85,22/forecast	424
1a453323	/gridpoints/FGZ/91,36/forecast/hourly	695
142a1c61	/gridpoints/REV/50,39/forecast/hourly	94
133e146b	/gridpoints/MPX/91,36/forecast/hourly	725
227596ba	/gridpoints/PIH/106,11/forecast/hourly	169
133c86a6	/gridpoints/SLC/146,93/forecast/hourly	955
616d664f	/gridpoints/VEF/59,195/stations?limit=3	14
1833b85c	/gridpoints/SLC/100,108/stations?limit=3	18
d732acb	/gridpoints/REV/66,128/stations?limit=3	14
d735aa8	/gridpoints/BOI/119,16/stations?limit=3	12
8226c53	/gridpoints/FGZ/55,131/stations?limit=3	19
133e4213	/stations/ITD04/observations?limit=1	186
1a456bad	/stations/C8738/observations/latest	152
133e4b9c	/stations/KGCN/observations?limit=1	148
133e4fee	/stations/CMP27/observations/latest	123
1a45a0a6	/stations/MJBN2/observations?limit=1	147
e5a125a	/points/36.077,-111.316	199
e5a8095	/points/36.077,-112.316	36
91a1568	/points/38.077,-113.316	32
1abd0a69	/points/41.077,,-115.316	86
e594a54	/points/41.077,-118.316	44
133d3d16	/gridpoints/SLC/65,12/	198
133d8c28	/gridpoints/SLC/29,17	125
166ce0a1	/gridpoints/VEF/151,90	54
1a44c6aa	/gridpoints/LKN/91,55	34
18718e13	/gridpoints/PIH/73,15	75
1abd1f82	/gridpoints/BOI/18,66/forecast	379
1a4502d9	/gridpoints/LKN/105,145/forecast	59
1a4511a3	/gridpoints/SLC/111,97/forecast	40
1fa7b55c	/gridpoints/VEF/171,56/forecast	141
1a450e52	/gridpoints/BOI/85,22/forecast	107
1a453323	/gridpoints/FGZ/91,36/forecast/hourly	111
142a1c61	/gridpoints/REV/50,39/forecast/hourly	67
133e146b	/gridpoints/MPX/91,36/forecast/hourly	86
17f727d4	/gridpoints/PIH/106,11/forecast/hourly	104
133c86a6	/gridpoints/SLC/146,93/forecast/hourly	266
616d664f	/gridpoints/VEF/59,195/stations?limit=3	48
1833b85c	/gridpoints/SLC/100,108/stations?limit=3	77
d732acb	/gridpoints/REV/66,128/stations?limit=3	45
d735aa8	/gridpoints/BOI/119,16/stations?limit=3	66
8226c53	/gridpoints/FGZ/55,131/stations?limit=3	39
23c55ce7	/stations/ITD04/observations?limit=1	399
23c5698c	/stations/C8738/observations/latest	189
23c57046	/stations/KGCN/observations?limit=1	194
1abd6819	/stations/CMP27/observations/latest	98
1abd6ec5	/stations/MJBN2/observations?limit=1	171
e5a125a	/points/36.077,-111.316	126
e5a8095	/points/36.077,-112.316	44
91a1568	/points/38.077,-113.316	44
2435c78d	/points/41.077,,-115.316	84
e594a54	/points/41.077,-118.316	31
133d3d16	/gridpoints/SLC/65,12/	245
1b2ccb61	/gridpoints/SLC/29,17	405
166ce0a1	/gridpoints/VEF/151,90	112
2435df67	/gridpoints/LKN/91,55	1686
18718e13	/gridpoints/PIH/73,15	162
2436167e	/gridpoints/BOI/18,66/forecast	690
1a4502d9	/gridpoints/LKN/105,145/forecast	136
1a4511a3	/gridpoints/SLC/111,97/forecast	112
1776a240	/gridpoints/VEF/171,56/forecast	174
1a450e52	/gridpoints/BOI/85,22/forecast	115
1a453323	/gridpoints/FGZ/91,36/forecast/hourly	119
142a1c61	/gridpoints/REV/50,39/forecast/hourly	180
1b2d5545	/gridpoints/MPX/91,36/forecast/hourly	491
227596ba	/gridpoints/PIH/106,11/forecast/hourly	153
1b2d65f2	/gridpoints/SLC/146,93/forecast/hourly	963
616d664f	/gridpoints/VEF/59,195/stations?limit=3	40
1833b85c	/gridpoints/SLC/100,108/stations?limit=3	28
d732acb	/gridpoints/REV/66,128/stations?limit=3	58
d735aa8	/gridpoints/BOI/119,16/stations?limit=3	79
8226c53	/gridpoints/FGZ/55,131/stations?limit=3	145
1b2d96a6	/stations/ITD04/observations?limit=1	161
1b2d9d12	/stations/C8738/observations/latest	186
1b2da39b	/stations/KGCN/observations?limit=1	320
1b2daefa	/stations/CMP27/observations/latest	117
1b2db393	/stations/MJBN2/observations?limit=1	396